MapNeutralMerchantData=campaign/images/maps/norwegian_sea_merchants_us
NeutralMerchant1=civ_vtr_andizhan,civ_ms_poltava,civ_ms_leninskiy_komsomol,civ_vtr_amguema,civ_ms_old_small_freighter
NeutralMerchant2=civ_ms_old_small_freighter,civ_ms_freighter_a,civ_ms_freighter_b
NeutralMerchant3=civ_ms_old_small_freighter,civ_ms_freighter_a,civ_ms_freighter_b
NeutralMerchant4=civ_ms_freighter_a,civ_ms_freighter_b,civ_ms_super_p,civ_ms_old_small_freighter
NeutralMerchantFlags1=ships/materials/flag_egermany,ships/materials/flag_poland,ships/materials/flag_vietnam
NeutralMerchantFlags2=ships/materials/flag_red_ensign
NeutralMerchantFlags3=ships/materials/flag_norway,ships/materials/flag_norway,ships/materials/flag_denmark,ships/materials/flag_wgermany,ships/materials/flag_egermany,ships/materials/flag_red_ensign
NeutralMerchantFlags4=ships/materials/flag_red_ensign,ships/materials/flag_us
MapNeutralFishingData=campaign/images/maps/norwegian_sea_fishing_zones
NeutralFishing1=civ_fv_trawler
NeutralFishing2=civ_fv_trawler
NeutralFishing3=civ_fv_trawler
NeutralFishing4=civ_fv_trawler_2
NeutralFishingFlags1=ships/materials/flag_iceland
NeutralFishingFlags2=ships/materials/flag_red_ensign
NeutralFishingFlags3=ships/materials/flag_norway,ships/materials/flag_denmark
NeutralFishingFlags4=ships/materials/flag_sovtorgflot,ships/materials/flag_sovtorgflot,ships/materials/flag_poland
OtherVessels=usn_68_ss_guppy_2a,usn_68_ss_guppy_3,usn_68_ss_tang,usn_68_ss_barbel,usn_68_ssn_nautilus,usn_68_ssn_skipjack,usn_68_ssn_permit,usn_68_ssn_sturgeon,uk_68_ss_oberon,usn_68_ssbn_george_washington,uk_68_ssn_dreadnought,uk_68_ssn_valiant,knm_68_ss_kobben,rnn_68_ssk_dolfijn,uk_68_ssbn_resolution,usn_68_dd_gearing_fram1_ai,usn_68_ddg_adams_ai,uk_68_ddg_county,usn_68_cg_belknap_ai,usn_68_ff_knox_ai,knm_68_ffg_oslo,usn_68_cg_belknap_ai,usn_68_bb_iowa_ai,usn_68_lph_iwo_jima,nato_ms_small_freighter,usn_68_as_fulton,usn_84_lst_lander,usn_68_ap_freighter_a,usn_68_lpd_austin,usn_84_aor_oiler,usn_84_ap_act_1,usn_84_ap_roro,usn_84_ap_super_p,usn_84_fss_algol,civ_fv_trawler,civ_fv_trawler_2,civ_ms_freighter_a,civ_ms_freighter_b,civ_ms_leninskiy_komsomol,civ_ms_old_small_freighter,civ_ms_poltava,civ_ms_super_p,civ_vtr_amguema,civ_vtr_andizhan,civ_oilrig,civ_spar_rig,biologic_blue_whale,biologic_humpback_whale
